p,residue_mod_840,a,m,divisor_d,x,y,z
1009,169,3,11,9,3027,276,92828
1129,289,3,11,1,3387,308,1043196
1201,361,8,31,64,9608,312,46839
1801,121,3,11,9,5403,492,295364
2521,1,12,47,16,30252,644,1217643
2689,169,6,23,12,16134,702,943839
3049,529,11,43,1,33539,780,26160420
3361,1,25,99,125,84025,850,571370
3529,169,5,19,25,17645,930,656394
3889,529,12,47,144,46668,996,322787
4201,1,3,11,3,12603,1146,4814346
4561,361,3,11,1,13683,1244,17021652
4729,529,3,11,3,14187,1290,6100410
5209,169,6,23,3,31254,1359,14158062
5569,529,10,39,2,55690,1428,39762660
5881,1,3,11,1,17643,1604,28299372
6841,121,3,11,3,20523,1866,12765306
7561,1,5,19,5,37805,1990,15046390
7681,121,6,23,6,46086,2004,15392724
8089,529,5,19,25,40445,2130,3445914
8521,121,3,11,1,25563,2324,59408412
8689,289,3,11,3,26067,2370,20592930
8761,361,6,23,12,52566,2286,10013823
8929,529,3,11,9,26787,2436,7250348
9241,1,10,39,20,92410,2370,10950585
9601,361,6,23,9,57606,2505,16033670
9769,529,6,23,36,58614,2550,4151825
10369,289,3,11,1,31107,2828,87970596
12049,289,6,23,18,72294,3144,12627352
12289,529,5,19,1,61445,3234,198713130
12601,1,6,23,18,75606,3288,13810696
12721,121,12,47,4,152652,3248,123953424
12889,289,3,11,9,38667,3516,15105908
13441,1,3,11,3,40323,3666,49274706
13729,289,6,23,12,82374,3582,24588639
14281,1,6,23,12,85686,3726,26605503
14401,121,5,19,5,72005,3790,54579790
14449,169,10,39,5,144490,3705,107067090
15121,1,3,11,1,45363,4124,187077012
15241,121,6,23,2,91446,3976,181794648
15289,169,3,11,3,45867,4170,63755130
15649,529,3,11,1,46947,4268,200369796
16249,289,6,23,3,97494,4239,137759022
16921,121,10,39,50,169210,4340,14687428
17761,121,3,11,1,53283,4844,258102852
17929,289,3,11,3,53787,4890,87672810
18169,529,3,11,9,54507,4956,30015188
18481,1,10,39,50,184810,4740,17519988
19009,529,6,23,3,114054,4959,188531262
19441,121,10,39,5,194410,4985,193826770
19489,169,3,11,9,58467,5316,34534508
19609,289,3,11,1,58827,5348,314606796
19681,361,8,31,32,157448,5080,24994870
20161,1,10,39,20,201610,5170,52116185
20521,361,8,31,8,164168,5296,108679216
21001,1,10,39,5,210010,5385,226180770
21121,121,6,23,4,126726,5510,174565065
21169,169,8,31,32,169352,5464,28916854
21529,529,8,31,4,172232,5556,239230248
21841,1,17,67,17,371297,5542,121042822
21961,121,6,23,1,131766,5729,754887414
22129,289,3,11,9,66387,6036,44523548
22369,529,12,47,36,268428,5712,42590576
23041,361,3,11,1,69123,6284,434368932
23209,529,3,11,3,69627,6330,146912970
23689,169,5,19,1,118445,6234,738386130
24049,529,5,19,25,120245,6330,30446034
24481,121,12,47,72,293772,6252,25509202
24889,529,3,11,1,74667,6788,506839596
25321,121,3,11,3,75963,6906,174866826
25561,361,3,11,9,76683,6972,59403764
26041,1,18,71,4,468738,6602,773652069
26161,121,6,23,9,156966,6825,119032550
26209,169,3,11,1,78627,7148,562025796
26881,1,3,11,9,80643,7332,65697164
27241,361,5,19,25,136205,7170,39063594
27409,529,3,11,9,82227,7476,68303228
28081,361,5,19,5,140405,7390,207518590
28729,169,3,11,9,86187,7836,75040148
28921,361,6,23,9,173526,7545,145472630
29401,1,6,23,4,176406,7670,338258505
29569,169,22,87,242,650518,7480,20106920
29761,361,6,23,6,178566,7764,231064404
30241,1,6,23,1,181446,7889,1431427494
30529,289,5,19,1,152645,8034,1226349930
31081,1,10,39,20,310810,7970,123857785
31249,169,6,23,2,187494,8152,764225544
32089,169,10,39,2,320890,8228,1320141460
33049,289,6,23,12,198294,8622,142474239
33289,529,39,155,9,1298271,8376,1208257544
33601,1,3,11,1,100803,9164,923758692
33721,121,5,19,1,168605,8874,1496200770
33769,169,3,11,3,101307,9210,311012490
33889,289,6,23,9,203334,8841,199741766
33961,361,10,39,2,339610,8708,1478661940
34129,529,3,11,1,102387,9308,953018196
34729,289,6,23,6,208374,9060,314644740
35281,1,6,23,6,211686,9204,324726324
35401,121,8,31,8,283208,9136,323423536
35449,169,3,11,1,106347,9668,1028162796
35569,289,6,23,3,213414,9279,660089502
35809,529,6,23,12,214854,9342,167263839
36241,121,3,11,1,108723,9884,1074618132
37321,361,6,23,2,223926,9736,1090071768
37489,529,6,23,6,224934,9780,366642420
38329,529,6,23,3,229974,9999,766503342
39769,289,8,31,32,318152,10264,102047254
39841,361,3,11,3,119523,10866,432912306
40009,529,5,19,25,200045,10530,84258954
40609,289,3,11,9,121827,11076,149928428
40849,529,5,19,5,204245,10750,439126750
41161,1,3,11,3,123483,11226,462073386
41281,121,6,23,1,247686,10769,2667330534
41521,361,3,11,1,124563,11324,1410551412
42169,169,6,23,9,253014,11001,309267446
42841,1,3,11,1,128523,11684,1501662732
42961,121,6,23,18,257766,11208,160502296
43201,361,5,19,25,216005,11370,98239074
43801,121,3,11,3,131403,11946,523246746
43969,289,14,55,49,615566,11193,140612862
44041,361,3,11,9,132123,12012,176340164
44641,121,6,23,12,267846,11646,259944543
44809,289,10,39,20,448090,11490,257427705
45361,1,3,11,9,136083,12372,187068764
45481,121,3,11,1,136443,12404,1692438972
46489,289,5,19,1,232445,12234,2843732130
47041,1,11,43,11,517451,12034,566091394
47161,121,6,23,3,282966,12303,1160443566
47569,529,8,31,4,380552,12276,1167914088
47881,1,12,47,144,574572,12228,48790739
48049,169,8,31,8,384392,12400,595807600
48409,529,6,23,36,290454,12630,101900945
48889,169,24,95,9,1173336,12351,1610208104
49009,289,6,23,1,294054,12785,3759480390
49081,361,3,11,3,147243,13386,656998266
49681,121,5,19,1,248405,13074,3247646970
49921,361,6,23,3,299526,13023,1300242366
50929,529,3,11,3,152787,13890,707403810
51241,1,6,23,18,307446,13368,228329896
51361,121,10,39,20,513610,13170,338212185
51769,529,6,23,1,310614,13505,4194842070
52081,1,3,11,1,156243,14204,2219275572
52201,121,10,39,5,522010,13385,1397420770
52249,169,3,11,3,156747,14250,744548250
52369,289,6,23,12,314214,13662,357732639
52609,529,3,11,1,157827,14348,2264501796
53089,169,24,95,4,1274136,13412,4272178008
53281,361,3,11,9,159843,14532,258093164
53881,121,6,23,2,323286,14056,2272054008
54049,289,6,23,6,324294,14100,762090900
54121,361,15,59,25,811815,13760,446822976
54601,1,3,11,9,163803,14892,271039364
54721,121,3,11,1,164163,14924,2449968612
55441,1,5,19,5,277205,14590,808884190
55609,169,5,19,1,278045,14634,4068910530
56401,121,15,59,45,846015,14340,269596780
56569,289,3,11,1,169707,15428,2618239596
56809,529,5,19,5,284045,14950,849294550
57241,121,3,11,9,171723,15612,297882164
57649,529,6,23,3,345894,15039,1733966622
58129,169,10,39,5,581290,14905,1732825490
58321,361,3,11,3,174963,15906,927653826
58921,121,10,39,2,589210,15108,4450892340
59809,169,11,43,1,657899,15300,10065854700
59929,289,15,59,225,898935,15240,60887864
60169,529,3,11,3,180507,16410,987373290
60601,121,6,23,1,363606,15809,5748247254
60649,169,6,23,12,363894,15822,479794239
61441,121,5,19,25,307205,16170,198700194
61609,289,6,23,2,369654,16072,2970539544
61681,361,18,71,324,1110258,15642,53600789
63361,361,5,19,1,316805,16674,5282406570
63841,1,3,11,9,191523,17412,370533164
64849,169,10,39,2,648490,16628,5391545860
64969,289,6,23,36,389814,16950,183537425
65521,1,6,23,36,393126,17094,186669329
65809,289,3,11,1,197427,17948,3543419796
65881,361,20,79,100,1317620,16680,219779016
66361,1,12,47,36,796332,16944,374806928
66529,169,10,39,50,665290,17060,226996948
66721,361,6,23,12,400326,17406,580672863
66889,529,38,151,1,2541782,16833,42785816406
67369,169,5,19,25,336845,17730,238890474
67489,289,6,23,4,404934,17606,1782317001
68041,1,6,23,4,408246,17750,1811591625
68161,121,8,31,64,545288,17592,149886039
68209,169,5,19,5,341045,17950,1224351550
68329,289,3,11,9,204987,18636,424459748
68881,1,3,11,3,206643,18786,1293998466
69001,121,24,95,16,1656024,17432,1804238148
70009,289,6,23,18,420054,18264,426214792
70249,529,6,23,4,421494,18326,1931074761
70729,169,3,11,3,212187,19290,1364362410
70849,289,18,71,162,1275282,17964,141414604
70921,361,10,39,5,709210,18185,2579396770
71089,529,3,11,1,213267,19388,4134820596
71569,169,5,19,1,357845,18834,6739652730
71761,361,3,11,9,215283,19572,468168764
73369,289,3,11,3,220107,20010,1468113690
73609,529,3,11,9,220827,20076,492591428
74209,289,5,19,25,371045,19530,289860354
74449,529,6,23,12,446694,19422,722974239
74761,1,5,19,1,373805,19674,7354239570
74929,169,3,11,9,224787,20436,510416348
75289,529,6,23,9,451734,19641,985834166
75721,121,3,11,9,227163,20652,521263364
76129,529,5,19,1,380645,20034,7625841930
76441,1,36,143,16,2751876,19244,3309818859
76561,121,6,23,36,459366,19974,254871569
76801,361,3,11,3,230403,20946,1608673746
77569,289,3,11,9,232707,21156,547016588
77641,361,10,39,2,776410,19908,7728385140
78121,1,3,11,3,234363,21306,1664446026
78241,121,5,19,5,391205,20590,1610982190
78649,529,3,11,3,235947,21450,1687021050
79801,1,3,11,1,239403,21764,5210366892
80329,529,3,11,1,240987,21908,5279543196
80761,121,3,11,3,242283,22026,1778841786
80809,169,6,23,9,484854,21081,1135689686
80929,289,6,23,2,485574,21112,5125719144
81001,361,3,11,9,243003,22092,596491364
81649,169,3,11,1,244947,22268,5454479796
81769,289,14,55,4,1144766,20814,5956789881
82009,529,10,39,2,820090,21028,8622426260
82609,289,3,11,3,247827,22530,1861180770
83449,289,15,59,9,1251735,21216,2950756640
83689,529,6,23,2,502134,21832,5481294744
84121,121,6,23,9,504726,21945,1230690230
84961,121,3,11,9,254883,23172,656238764
85009,169,24,95,4,2040216,21476,10953919704
85201,361,20,79,10,1704020,21570,3675571140
85369,529,10,39,20,853690,21890,934363705
86209,529,8,31,16,689672,22248,958988916
86689,169,10,39,2,866890,22228,9634615460
87049,529,6,23,36,522294,22710,329480465
87481,121,8,31,8,699848,22576,1974971056
87649,289,6,23,1,525894,22865,12024566310
87721,361,3,11,1,263163,23924,6295911612
88321,121,11,43,11,971531,22594,1995524674
88729,529,5,19,5,443645,23350,2071822150
89041,1,3,11,1,267123,24284,6486814932
89209,169,3,11,3,267627,24330,2170454970
89329,289,6,23,18,535974,23304,693907672
90001,121,3,11,3,270003,24546,2209164546
90841,121,42,167,294,3815322,22848,296505024
91009,289,5,19,5,455045,23950,2179665550
91081,361,5,19,25,455405,23970,436642314
91249,529,12,47,18,1094988,23298,1417279468
91921,361,5,19,5,459605,24190,2223568990
92401,1,6,23,9,554406,24105,1484884070
92569,169,6,23,36,555414,24150,372590225
92761,361,10,39,5,927610,23785,4412640770
93241,1,6,23,6,559446,24324,2267994084
93529,289,3,11,1,280587,25508,7157213196
93601,361,18,71,12,1684818,23730,3331727595
94201,121,3,11,9,282603,25692,806737364
94441,361,8,31,4,755528,24372,4603432104
95089,169,6,23,4,570534,24806,3538166601
95881,121,6,23,36,575286,25014,399727889
95929,169,6,23,1,575574,25025,14403739350
96289,529,6,23,3,577734,25119,4837366782
96601,1,3,11,3,289803,26346,2545049946
96769,169,12,47,48,1161228,24708,597742113
97441,1,10,39,5,974410,24985,4869126770
97561,121,5,19,1,487805,25674,12523905570
97609,169,6,23,18,585654,25464,828505192
97729,289,10,39,50,977290,25060,489817748
98641,361,6,23,36,591846,25734,423071249
98809,529,3,11,1,296427,26948,7988114796
99241,121,3,11,3,297723,27066,2686056906
99289,169,5,19,25,496445,26130,518884314
99409,289,8,31,64,795272,25656,318804663
99961,1,12,47,2,1199532,25522,15307227852
